INSERT INTO users (id, created_at, updated_at, is_active, username, password, firstname, lastname, gender, role) VALUES
    (2, '2025-07-30 10:00:00', '2025-07-30 10:00:00', 1, 'guide1@guides.gr', '$2a$12$OQoJFhjXKI2FSml/6kVqVebW9E0Y1Hl9tROXOx.FWS14av0muJuEy', 'Αλέξανδρος', 'Παπασωτηρίου', 'MALE', 'GUIDE'),
    (3, '2025-07-30 10:00:00', '2025-07-30 10:00:00', 1, 'guide2@guides.gr', '$2a$12$.7eQgAlz3A4FG7fP8zgtoOqH6zbvwXsKTU.Rrz3lFpXJP2cPrYZd.', 'Μαρία', 'Παπασταύρου', 'FEMALE', 'GUIDE'),
    (4, '2025-07-30 10:00:00', '2025-07-30 10:00:00', 1, 'guide3@guides.gr', '$2a$12$UNdZAtvxvxdpH38PQqirv.83Yt.uDDHDIk1DjSNbFOjZRFDd.CDdC', 'Έρη', 'Μιχαηλίδου', 'FEMALE', 'GUIDE'),
    (5, '2025-07-30 10:00:00', '2025-07-30 10:00:00', 1, 'guide4@guides.gr', '$2a$12$nAWtAXPA/i2JP0XDLdwHW.0lY0cMSl6OWPKZ29UuQH8sVJV/DdZIy', 'Σωτήρης', 'Παπαδόπουλος', 'MALE', 'GUIDE'),
    (6, '2025-07-30 10:00:00', '2025-07-30 10:00:00', 1, 'guide5@guides.gr', '$2a$12$BnUcwXSENJqcyFEozY8W5u2GDRaoG5/QRJdCOlb7vweWxLZLAEdj.', 'Έφη', 'Καπαγερίδου', 'FEMALE', 'GUIDE'),
    (7, '2025-07-30 10:00:00', '2025-07-30 10:00:00', 1, 'guide6@guides.gr', '$2a$12$yldJy/4kjzoUFcOGu6cOquU2dhfEsykG9tCYHkMr/B9bzkNNwqL0u', 'Ιωάννα', 'Μουρβάτη', 'FEMALE', 'GUIDE'),
    (8, '2025-07-30 10:00:00', '2025-07-30 10:00:00', 1, 'guide7@guides.gr', '$2a$12$XjS1pQMUf4YDsyKI0wZP7.NWR6RIeYnaZxZOndd6dTaArOy0RA/6y', 'Κωνσταντίνος', 'Παπαδόπουλος', 'MALE', 'GUIDE'),
    (9, '2025-07-30 10:00:00', '2025-07-30 10:00:00', 1, 'guide8@guides.gr', '$2a$12$FHMq/WMzq6JEyAeVGMcUXexHnBEsUDH2dk5iKW.s7SpTiU31Sl1x.', 'Πέτρος', 'Αχιλλέως', 'MALE', 'GUIDE'),
    (10, '2025-07-30 10:00:00', '2025-07-30 10:00:00', 1, 'guide9@guides.gr', '$2a$12$ReqFDIZLZGLje8yPO0xSZOro.G6ma0lzImf26dati.rB1yVQQYiFW', 'Διονύσης', 'Ευθυμιάδης', 'MALE', 'GUIDE'),
    (11, '2025-07-30 10:00:00', '2025-07-30 10:00:00', 1, 'guide10@guides.gr', '$2a$12$otUMihgZ1ZUpKxeNhC/ldOrab4vQN65mhrglz21INlCCuqec5iiFC', 'Ελευθερία', 'Χαριστέα', 'FEMALE', 'GUIDE'),
    (12, '2025-07-30 10:00:00', '2025-07-30 10:00:00', 1, 'guide11@guides.gr', '$2a$12$TCZniWFaEWR1vvxWqw/ndO2IJUrLJbG.K2zLC32m6/qDwrbj7fSga', 'Γιαννούλα', 'Χαλεπά', 'FEMALE', 'GUIDE'),
    (13, '2025-07-30 10:00:00', '2025-07-30 10:00:00', 0, 'guide12@guides.gr', '$2a$12$IF/Es.A9Sjt3Qu//zcD3y.5I8l4eQqcwLIgp6uBcMag1e6nyubuRK', 'Αναστασία', 'Πέτρου', 'FEMALE', 'GUIDE'),
    (14, '2025-07-30 10:00:00', '2025-07-30 10:00:00', 1, 'guide13@guides.gr', '$2a$12$Y8Mc7n.FRDrX2r2PCj5ysenixVLjJyJHt02X.vqL5yCLXOolGct5u', 'Κατερίνα', 'Διονυσίου', 'FEMALE', 'GUIDE'),
    (15, '2025-07-30 10:00:00', '2025-07-30 10:00:00', 1, 'guide14@guides.gr', '$2a$12$iJwh5ZMdxCj7Qm9FuBi4ZOO8dTtJNan/BNqku18wewytBysPevGSm', 'Δημήτρης', 'Αποστολίδης', 'MALE', 'GUIDE'),

    (16, '2025-07-30 10:00:00', '2025-07-30 10:00:00', 1, 'visitor1@yahoo.gr', '$2a$12$Fj53KNi2a/hQ0H7Gyr19kOC91trkw2vdFFXMM/GSDVoLikLsJxR0y', 'Στράτος', 'Ηλιάδης', 'MALE', 'VISITOR'),
    (17, '2025-07-30 10:00:00', '2025-07-30 10:00:00', 1, 'visitor2@yahoo.gr', '$2a$12$nsRdjaCoHzupMpUzI.RfGOwUKVa6RTEHNHnXs4mXCB6R48BCFz6Ia', 'Ευρυπίδης', 'Δημητρίου', 'MALE', 'VISITOR'),
    (18, '2025-07-30 10:00:00', '2025-07-30 10:00:00', 0, 'visitor3@yahoo.gr', '$2a$12$.r0y9inBnKEz.T8C7pb4au4qM4DmgBBl8H0YPGg8yDamyromFJHwm', 'Χαρά', 'Ευσταθίου', 'FEMALE', 'VISITOR'),
    (19, '2025-07-30 10:00:00', '2025-07-30 10:00:00', 1, 'visitor4@yahoo.gr', '$2a$12$cq94DyEnn2F.89LnunaEKeTcyEGXRbKBSTCWMAL3gXeag07ZaEgOK', 'Διομήδης', 'Νέστορος', 'MALE', 'VISITOR'),
    (20, '2025-07-30 10:00:00', '2025-07-30 10:00:00', 1, 'visitor5@yahoo.gr', '$2a$12$jWRuDGC5DG3K6SfxNqF6F.K8fiec3ZnxEqUr7D1tBvWdxxXTyc1Eq', 'Ελπίδα', 'Παπαδοπούλου', 'FEMALE', 'VISITOR'),
    (21, '2025-07-30 10:00:00', '2025-07-30 10:00:00', 1, 'visitor6@yahoo.gr', '$2a$12$RXydwkot0w6QRCEPpMm32.9QdWF9AxtX1krjsOr.lPc5o4HUKGe0.', 'Γιάννης', 'Κωστής', 'MALE', 'VISITOR'),
    (22, '2025-07-30 10:00:00', '2025-07-30 10:00:00', 1, 'visitor7@yahoo.gr', '$2a$12$hJW5eqHcr/mfwvFba21tvebZPyMqlH7oHvcflwBhLcEMYSWhJOysm', 'Αφροδίτη', 'Πέτρου', 'FEMALE', 'VISITOR'),
    (23, '2025-07-30 10:00:00', '2025-07-30 10:00:00', 1, 'visitor8@yahoo.gr', '$2a$12$MOtIEdOzV4aUgcTJ/U8ep.LlBMf80H3kQ1w0eU5iGD38jVdBaCKoG', 'Παύλος', 'Εμμανουηλίδης', 'MALE', 'VISITOR'),
    (24, '2025-07-30 10:00:00', '2025-07-30 10:00:00', 1, 'visitor9@yahoo.gr', '$2a$12$UTn8MLSOF0ET3m7lK0Ei/OvKAxWRqiz2XUp0BRfMn5fpuPv3MvSdy', 'Διονυσία', 'Αγαπίου', 'FEMALE', 'VISITOR'),
    (25, '2025-07-30 10:00:00', '2025-07-30 10:00:00', 1, 'visitor10@yahoo.gr', '$2a$12$jBvCJjNQjouyOtG3sBBTdeuj1o8sHv7yHt6TmaXxK8oUbIwG4M8jW', 'Μέλπω', 'Σεϊτσανίδου', 'FEMALE', 'VISITOR'),
    (26, '2025-07-30 10:00:00', '2025-07-30 10:00:00', 1, 'visitor11@yahoo.gr', '$2a$12$EDHOEhL7nVZJkGAqCKj7z.qmhw5bncirQxgaE427Skp83zP9HXS/O', 'Χριστίνα', 'Κότσιρα', 'FEMALE', 'VISITOR'),
    (27, '2025-07-30 10:00:00', '2025-07-30 10:00:00', 0, 'visitor12@yahoo.gr', '$2a$12$dLTdzlL31R.q7rvrziMn6O3VDTS31cxyunRypbSmITZ.rDWfpjBg.', 'Ρούλα', 'Αυγουστίδου', 'FEMALE', 'VISITOR'),
    (28, '2025-07-30 10:00:00', '2025-07-30 10:00:00', 1, 'visitor13@yahoo.gr', '$2a$12$3c1a9cb8fYMQM4jVr2nZJe8b9tcrU8I8uYqd/bhkXj3SPFgwhKRc.', 'Πέτρος', 'Πολυτίδης', 'MALE', 'VISITOR'),
    (29, '2025-07-30 10:00:00', '2025-07-30 10:00:00', 1, 'visitor14@yahoo.gr', '$2a$12$AxFp3Iaibp07NDUomFvLI.QytvmdObj30/u7VUoABcjCmo79t8J16', 'Μανώλης', 'Κορακάκης', 'MALE', 'VISITOR');

ALTER TABLE users AUTO_INCREMENT = 30;

INSERT INTO guides (id, created_at, updated_at, is_active, uuid, record_number, date_of_issue, phone_number, email, bio, user_id, region_id, language_id) VALUES
    (1, '2025-07-30 10:00:00', '2025-07-30 10:00:00', 1, 'ef668c53-e8ee-48c1-bcf5-47e87bafeb26', '10ΣΞ00084Ε0', '2018-07-30', '6930101001', 'alexpap@gmail.com', 'Είμαι διπλωματούχος ξεναγός απόφοιτος της σχολής ξεναγών Αθηνών και καθηγητής τουρκικής γλώσσας. Παρέχω υπηρεσίες ξεναγού σε όλη την Ελλάδα με επίκεντρο τον άνθρωπο και την διάδραση του στον χωροχρόνο,εμβαθύνοντας στους τομείς της ιστορίας, της τέχνης, της μυθολογίας, της εθνολογίας και της λαογραφίας. Απευθύνομαι σε ιδιώτες, εταιρείες, οργανισμούς  οικογένειες ή σχολεία. Ελάτε να ανακαλύψουμε την ομορφιά και τις ιδιαιτερότητες της χώρας μας μαζί!', 2, 2, 1),
    (2, '2025-07-30 10:00:00', '2025-07-30 10:00:00', 1, 'ef668c53-e8ee-48c1-bcf5-47e87bafeb27', '33ΤΑ02384Ε1', '2018-07-30', '6930101002', 'guide2@guides.gr', 'Είμαι απόφοιτη του τμήματος Ιστορίας και Αρχαιολογίας του ΕΚΠΑ και ακολούθησα μετεκπαίδευση στη σχολή Ξεναγών. Είμαι ενεργή τα τελευταία 12 χρόνια και έχω αναλάβει πολυάριθμες ξεναγήσεις σε αρχαιολογικούς χώρους και μουσεία.', 3, 5, 6),
    (3, '2025-07-30 10:00:00', '2025-07-30 10:00:00', 1, 'ef668c53-e8ee-48c1-bcf5-47e87bafeb28', '07ΣΞ00162Ε0', '2018-07-30', '6930101003', 'guide3@guides.gr', 'Είμαι πιστοποιημένη ξεναγός τα τελευταία 15 χρόνια και διαθέτω μεγάλη εμπειρία τόσο σε ατομικές ξεναγήσεις όσο και στην ξενάγηση γκρουπ.', 4, 3, 1),
    (4, '2025-07-30 10:00:00', '2025-07-30 10:00:00', 1, 'ef668c53-e8ee-48c1-bcf5-47e87bafeb29', '08ΣΞ01253Ε0', '2018-07-30', '6930101004', 's.papadopoulos@yahoo.com', '', 5, 6, 10),
    (5, '2025-07-30 10:00:00', '2025-07-30 10:00:00', 1, 'ef668c53-e8ee-48c1-bcf5-47e87bafeb30', '10ΣΞ00120Ε1', '2018-07-30', '6930101005', 'guide5@guides.gr', '', 6, 12, 6),
    (6, '2025-07-30 10:00:00', '2025-07-30 10:00:00', 1, 'ef668c53-e8ee-48c1-bcf5-47e87bafeb31', '25ΤΑ01525Ε0', '2018-07-30', '6930101006', 'jmourvati@gmail.com', 'Αποφοίτησα από την σχολή ξεναγών το 1987. Αγάπησα το επάγγελμα αυτό από την πρώτη στιγμή. Έχω παρακολουθήσει πολλά σεμινάρια με θέμα τον Ελληνικό πολιτισμό στην Ελλάδα και στο εξωτερικό. Παράλληλα, έχω δώσει διαλέξεις σε φοιτητές του Πολυτεχνείου, σε αποφοίτους γνωστών Ivy League πανεπιστημίων (Harvard, Yale, Brown) και σε πολιτιστικούς συλλόγους.', 7, 7, 14),
    (7, '2025-07-30 10:00:00', '2025-07-30 10:00:00', 1, 'ef668c53-e8ee-48c1-bcf5-47e87bafeb32', '11ΣΞ12584Ε0', '2018-07-30', '6930101007', 'guide7@guides.gr', '', 8, 1, 1),
    (8, '2025-07-30 10:00:00', '2025-07-30 10:00:00', 1, 'ef668c53-e8ee-48c1-bcf5-47e87bafeb33', '04ΤΑ00090Ε1', '2018-07-30', '6930101008', 'guide8@guides.gr', 'Αποφοίτησα από τη σχολή Ξεναγών της Αθήνας το 2006, αφότου ολοκλήρωσα τις σπουδές μου σε προπτυχιακό και μεταπτυχιακό επίπεδο στην Ελλάδα και την Ισπανία (Ευρωπαϊκή Ιστορία και Μετάφραση). Κατά τη διάρκεια της επαγγελματικής μου σταδιοδρομίας, είχα την τύχη να ξεναγήσω επανειλλημένως διεθνείς προσωπικότητες από τον καλλιτεχνικό, πολιτικό και αθλητικό χώρο.', 9, 2, 10),
    (9, '2025-07-30 10:00:00', '2025-07-30 10:00:00', 1, 'ef668c53-e8ee-48c1-bcf5-47e87bafeb34', '10ΣΞ00170Ε0', '2018-07-30', '6930101009', 'dionisis.efthimiadis@gmail.com', 'Είμαι απόφοιτος του τμήματος Γαλλικής Φιλολογίας και ακολούθησα μετεκπαίδευση στη σχολή Ξεναγών. Αναλαμβάνω ξεναγήσεις γκρουπ στην Γαλλική και την Ελληνική γλώσσα', 10, 2, 6),
    (10, '2025-07-30 10:00:00', '2025-07-30 10:00:00', 1, 'ef668c53-e8ee-48c1-bcf5-47e87bafeb35', '10ΣΞ02547Ε0', '2018-07-30', '6930101010', 'guide10@guides.gr', '', 11, 1, 3),
    (11, '2025-07-30 10:00:00', '2025-07-30 10:00:00', 1, 'ef668c53-e8ee-48c1-bcf5-47e87bafeb36', '03ΤΑ00284Ε1', '2018-07-30', '6930101011', 'guide11@guides.gr', 'Σπούδασα Ελληνική Φιλολογία με ειδίκευση στην Γλωσσολογία στη Φιλοσοφική Σχολή του Πανεπιστημίου Αθηνών (1995-1999), και στη συνέχεια φοίτησα στη Σχολή Ξεναγών της Αθήνας (2000-2002), ενώ στις μεταπτυχιακές σπουδές μου στο Πανεπιστήμιο Paris VIII του Παρισιού ασχολήθηκα με τη Γλωσσολογία και την κατάκτηση της μητρικής γλώσσας από τα παιδιά. Από το 2003 εξασκώ το επάγγελμα του ξεναγού με συνέπεια και αγάπη, ξεναγώντας οργανωμένα γκρουπ και μεμονωμένους επισκέπτες στην ηπειρωτική Ελλάδα και τα νησιά. Οι Μυκήνες, η Επίδαυρος, οι Δελφοί, ο Μυστράς και η Ολυμπία, αλλά και το Ακρωτήρι στην Σαντορίνη, η Δήλος, η Βεργίνα και η Καστοριά είναι κάποιοι από τους χώρους όπου συχνά ξεναγώ, συνοδεύοντας γκρουπ σε προγράμματα περιηγητικού τουρισμού.', 12, 2, 6),
    (12, '2025-07-30 10:00:00', '2025-07-30 10:00:00', 0, 'ef668c53-e8ee-48c1-bcf5-47e87bafeb37', '09ΤΑΞ00784Ε1', '2018-07-30', '6930101012', 'guide12@guides.gr', '', 13, 2, 1),
    (13, '2025-07-30 10:00:00', '2025-07-30 10:00:00', 1, 'ef668c53-e8ee-48c1-bcf5-47e87bafeb38', '10ΣΞ00784Ε0', '2018-07-30', '6930101013', 'guide13@guides.gr', 'Εργάζομαι ως διπλωματούχος ξεναγός από το 1999. Με την πολυετή εμπειρία μου, ξεναγώντας σε όλη την Ελληνική επικράτεια, είμαι σε θέση να σας προσφέρω μια επαγγελματική καθοδήγηση στον χώρο-μνημείο που επιθυμείτε, παρέχοντας πληροφορίες αρχαιολογικού, ιστορικού, λαογραφικού και θρησκευτικού περιεχομένου σχετικά με αυτόν. Αναλαμβάνω υπεύθυνα τις περιηγήσεις  σχολείων, συλλόγων, ΚΑΠΗ, σωματείων, γκρούπ θρησκευτικού τουρισμού καθώς και όλους τους λάτρεις του αρχαιού Ελληνικού πολιτισμού. Το πρόγραμμα και το περιεχόμενο της ξενάγησης προσαρμόζεται στις επιλογές και τα ενδιαφέροντά σας.', 14, 2, 3),
    (14, '2025-07-30 10:00:00', '2025-07-30 10:00:00', 1, 'ef668c53-e8ee-48c1-bcf5-47e87bafeb39', '10ΣΞ02084Ε0', '2018-07-30', '6930101014', 'dapostolidis@yahoo.com', '', 15, 10, 20);

ALTER TABLE guides AUTO_INCREMENT = 15;

INSERT INTO visitors (id, created_at, updated_at, is_active, uuid, user_id, region_id) VALUES
    (1, '2025-07-30 10:00:00', '2025-07-30 10:00:00', 1, '78a983e8-9390-479c-82e3-6372c68b70a6', 16, 1),
    (2, '2025-07-30 10:00:00', '2025-07-30 10:00:00', 1, 'df2980fa-5169-4ec5-bcf5-070b23158cae', 17, 3),
    (3, '2025-07-30 10:00:00', '2025-07-30 10:00:00', 0, 'cea0a700-fc81-4bc5-9371-bd9386135c19', 18, 5),
    (4, '2025-07-30 10:00:00', '2025-07-30 10:00:00', 1, '791e3e83-72c9-46b5-afc9-a610db4e33e3', 19, 2),
    (5, '2025-07-30 10:00:00', '2025-07-30 10:00:00', 1, 'd821d9cc-3353-460f-ab3f-0dbcf703ba2d', 20, 2),
    (6, '2025-07-30 10:00:00', '2025-07-30 10:00:00', 1, 'd224a556-fd21-49d1-a01a-254622ab591d', 21, 1),
    (7, '2025-07-30 10:00:00', '2025-07-30 10:00:00', 1, 'c8e1d3bd-37ca-4796-bb92-962e303fd97f', 22, 4),
    (8, '2025-07-30 10:00:00', '2025-07-30 10:00:00', 1, '911f23ed-8c0f-4505-9f30-02c3e1224ae3', 23, 5),
    (9, '2025-07-30 10:00:00', '2025-07-30 10:00:00', 1, 'ee023a1f-070e-412e-82a0-c054f763504f', 24, 12),
    (10, '2025-07-30 10:00:00', '2025-07-30 10:00:00', 1, '2e41ed71-da4c-4e80-8e4f-ba28037fef83', 25, 7),
    (11, '2025-07-30 10:00:00', '2025-07-30 10:00:00', 1, 'b83e7b5d-3a40-442e-a510-76866a8a6f5b', 26, 2),
    (12, '2025-07-30 10:00:00', '2025-07-30 10:00:00', 0, '390c5313-7b6d-403c-99f5-8074956c9fa2', 27, 1),
    (13, '2025-07-30 10:00:00', '2025-07-30 10:00:00', 1, '2bd89ab5-bffe-4067-bfdd-d15f44f3489a', 28, 2),
    (14, '2025-07-30 10:00:00', '2025-07-30 10:00:00', 1, '626cb32b-348e-4af5-8902-982b23158b46', 29, 6);

ALTER TABLE visitors AUTO_INCREMENT = 15;

INSERT INTO activities (id, created_at, updated_at, uuid, title, date_time, price, status, category_id, description) VALUES
    (1, '2025-07-30 10:00:00', '2025-07-30 10:00:00', '91f501e4-89d7-4723-a5d8-4615f7290e83', 'Τεχνολογικά επιτεύγματα, Χρήσεις και εφαρμογές σε ειρηνικούς και πολεμικούς καιρούς', '2023-08-05 10:00:00', 0.00, 'CANCELLED', 3, 'Το πλήρες πρόγραμμα του σεμιναρίου θα είναι σύντομα διαθέσιμο.'),

    (2, '2025-07-30 10:00:00', '2025-07-30 10:00:00', '5487fd07-3c98-4550-88e7-6a3b51cf9b14', 'Τριήμερη εκδρομή στην Καβάλα', '2024-10-26 08:00:00', 90.00, 'COMPLETED', 1, 'Το φετινό τριήμερο της 28ης Οκτωβρίου έχετε την ευκαιρία να γνωρίσετε την Καβάλα και την ιστορία της. Θα επισκεφτούμε τα σημαντικότερα αρχαιολογικά και ιστορικά τοπόσημα της ευρύτερης περιοχής: τον αρχαιολογικό χώρο των Φιλίππων, ένα μνημείο παγκόσμιας κληρονομιάς της UNESCO με αρχαία, μακεδονικά, ρωμαϊκά και χριστιανικά στοιχεία, το Φρούριο της Καβάλας, το Αρχαιολογικό Μουσείο Καβάλας και το Μουσείο Καπνού, μεταξύ άλλων. Στην εκδρομή θα μας συνοδεύσουν συνάδελφοι, μέλη του Σωματείου, από την ευρύτερη περιοχή.'),

    (3, '2025-07-30 10:00:00', '2025-07-30 10:00:00', '8b1c89d8-64ac-48a2-aee5-99237ece4bd6', 'ΝΟΗΜΑΤΑ: περιοδική έκθεση στο Μουσείο Ακρόπολης', '2024-11-10 13:00:00', 0.00, 'COMPLETED', 2, 'Τα "ΝΟΗΜΑΤΑ" στο Μουσείο Ακρόπολης είναι μια περιοδική έκθεση που εξερευνά προσωποποιήσεις και αλληγορίες από την Αρχαιότητα έως σήμερα, μέσα από σημαντικά έργα τέχνης από διάφορες εποχές και υλικά, όπως νομίσματα, κεραμικά και πήλινα αντικείμενα. Η έκθεση επιχειρεί να συνδέσει την αρχαιότητα με τις επόμενες περιόδους, εστιάζοντας σε θέματα όπως η φύση, οι θεότητες, ο άνθρωπος και οι θεσμοί, και αναδεικνύοντας αλληγορίες και ανθρώπινα πάθη. Θα πραγματοποιηθεί ειδική ξενάγηση σε συνεργασία με τους αρχαιολόγους του Μουσείου.'),

    (4, '2025-07-30 10:00:00', '2025-07-30 10:00:00', '7025ef36-b752-430e-975a-b4e73b4186a5', '44ο Ετήσιο Επιμορφωτικό Σεμινάριο Ξεναγών', '2025-02-17 10:00:00', 0.00, 'COMPLETED', 3, 'Όπως κάθε χρόνο, το Σωματείο Διπλωματούχων Ξεναγών διοργανώνει το Επιμορφωτικό Σεμινάριο Ξεναγών, που φέτος θα διεξαχθεί στις 17, 18 και 19 Φεβρουαρίου, με θέμα "Άυλη Πολιτιστική Κληρονομιά - Λαϊκός Πολιτισμός". Χώρος διεξαγωγής: Αμφιθέατρο Ινστιτούτου Παστέρ (Λεωφ. Βασ. Σοφίας 127)'),

    (5, '2025-07-30 10:00:00', '2025-07-30 10:00:00', '9daa6117-92c1-437c-ba11-deafbe09ba33', 'Άγνωστες ιστορίες γυναικών των Κυκλάδων', '2025-01-18 18:00:00', 0.00, 'COMPLETED', 2, 'Η έκθεση "Κυκλαδίτισσες. Άγνωστες ιστορίες γυναικών των Κυκλάδων" του Μουσείου Κυκλαδικής Τέχνης τιμά τις γυναίκες των Κυκλάδων, φωτίζοντας τη ζωή και τον ρόλο τους στις κοινωνίες των νησιών του Αρχιπελάγους από τη Νεολιθική περίοδο μέχρι και τον 19ο αιώνα. Πάνω από 180 εμβληματικά έργα, τα περισσότερα εκ των οποίων δεν έχουν ταξιδέψει ποτέ εκτός Κυκλάδων, ενώ άλλα παρουσιάζονται για πρώτη φορά στο ευρύ κοινό, αποκαλύπτουν τον γοητευτικό κόσμο των γυναικών, οι οποίες βγαίνουν από την αφάνεια και μας διηγούνται τις άγνωστες ιστορίες τους. Η Επιμελήτρια Προϊστορικών Αρχαιοτήτων, Μαρία Παπαδοπούλου, και η Βοηθός Επιμελήτριας Αρχαιοτήτων, Άννα Καρούσου, θα μας υποδεχθούν στο Μουσείο για να μας γνωρίσουν τη Γυναίκα του Αιγαίου και την ιστορία της, όπως αυτή εξελίχθηκε στο πέρασμα των αιώνων.'),

    (6, '2025-07-30 10:00:00', '2025-07-30 10:00:00', '8b97ee6d-3011-4073-9744-0cc683268dda', 'Οδοιπορικό στην Ήπειρο', '2025-05-18 08:00:00', 180.00, 'COMPLETED', 1, '6 ημέρες στην μαγευτική Ήπειρο. όπου οι πανύψηλες βουνοκορφές με τα κατάφυτα δάση και τα άγρια επιβλητικά τοπία σμίγουν με τις όμορφες ακτές του Ιονίου και με ποτάμια με κρυστάλλινα νερά δημιουργώντας εικόνες παραμυθένιες. Το πλήρες πρόγραμμα θα είναι διαθέσιμο σύντομα.'),

    (7, '2025-07-30 10:00:00', '2025-07-30 10:00:00', 'ad064112-9951-4042-b67c-6f988911a632', 'Μονοήμερη εκδρομή στους Δελφούς', '2025-10-27 08:00:00', 55.00, 'ACTIVE', 1, 'Ο "ομφαλός της γης", ένα μέρος με μοναδική ιστορική σημασία και μύθους να το κατακλύζουν συναρπάζει με τα εκθέματα του που έχουν αντέξει ανά τους αιώνες. Από το Μαντείο του Απόλλωνος με τους χρησμούς της Πυθίας, το αρχαίο θέατρο των Δελφών, το αρχαίο μεγαλοπρεπές στάδιο και φυσικά τον Ναό του Απόλλωνα, αποτελεί ένα συγκρότημα μνημείων που το καθένα ξεχωριστά έχει την δική του ιστορία να αφηγηθεί. Στο πλαίσιο της εκδρομής Θα πραγματοποιηθεί ξενάγηση στον αρχαιολογικό χώρο και το μουσείο από αρχαιολόγο της Εφορείας Αρχαιοτήτων Φωκίδας. Μετά την ξενάγηση θα κατευθυνθούμε στην Αράχωβα για φαγητό, βόλτα και καφέ, πριν επιστρέψουμε στην Αθήνα.'),

    (8, '2025-07-30 10:00:00', '2025-07-30 10:00:00', '88d25a66-602a-4b72-bd5f-450730222f53', 'Ο κρατήρας του άρχοντα από το Λευκαντί', '2025-09-22 11:00:00', 0.00, 'ACTIVE', 2, 'Με αφορμή την ομώνυμη έκθεση του Εθνικού Αρχαιολογικού Μουσείου οι αρχαιολόγοι και συντηρητές του Μουσείου μας υποδέχονται στο χώρο της έκθεσης και μας μιλούν για τη συγκλονιστική ταφή του άρχοντα από το Λευκαντί, για τα ομηρικά χαρακτηριστικά της Εποχής του Σιδήρου, καθώς και για την οδύσσεια της συντήρησης ενός από τα πιο δύσκολα και πιο εμβληματικά χάλκινα σκεύη του αρχαίου κόσμου, που συνιστά ένα επίτευγμα τεχνογνωσίας και καινοτόμων εφαρμογών των συντηρητών του Εθνικού Αρχαιολογικού Μουσείου.'),

    (9, '2025-07-30 10:00:00', '2025-07-30 10:00:00', '0107f697-cefb-44e9-b863-525a21efed00', 'Ημερίδα: Εκπαίδευση νέων ξεναγών στο Μουσείο Ζωολογίας', '2025-11-25 10:00:00', 0.00, 'ACTIVE', 3, 'Το Μουσείο Ζωολογίας καλεί τους νέους εθελοντές ξεναγούς που επιθυμούν να συμμετέχουν στις δράσεις του σε μία ημερίδα για την ενημέρωση και εκπαίδευση τους. Η ημερίδα θα πραγματοποιηθεί στους χώρους του Μουσείου και οι νέοι ξεναγοί θα ενημερωθούν για τον τρόπο ξενάγησης των επισκεπτών στις διάφορες θεματικές ενότητες του Μουσείου, ενώ θα δοθεί έμφαση στη χρήση των οπτικοακουστικών μέσων του Μουσείου. Οι εισηγήσεις θα γίνουν από το επιστημονικό προσωπικό και τους παλιούς ξεναγούς του Μουσείου.'),

    (10, '2025-07-30 10:00:00', '2025-07-30 10:00:00', 'c9f230b7-51d5-41cb-8f94-e1da117efcb9', 'Σπίτι του Ελύτη - Μουσείο', '2025-10-20 11:00:00', 0.00, 'ACTIVE', 2, 'Ένα νέο μουσείο στην Αθήνα ανοίγει τις πόρτες του σε εμάς. Η υπεύθυνη επικοινωνίας κυρία Εύα Καραγιαννάκη θα μας υποδεχθεί στο Σπίτι του Ελύτη - Μουσείο για να μας μυήσει στον κόσμο του νομπελίστα ποιητή!');

ALTER TABLE activities AUTO_INCREMENT = 11;